﻿{
  "$schema": "http://schema.management.azure.com/schemas/2015-01-01/deploymentParameters.json#",
  "contentVersion": "1.0.0.0",
  "parameters": {
    "virtualMachinesSettings": {
      "value": {
        "namePrefix": "ts-res-<<environment>>-<<location>>",
        "computerNamePrefix": "resbox-<<environment>>-<<location>>",
        "size": "Standard_DS11",
        "osType": "windows",
        "adminUsername": "azureadmin",
        "adminPassword": "<<adminpassword>>",
        "sshPublicKey": "",
        "osAuthenticationType": "password",
        "nics": [
          {
            "isPublic": "false",
            "subnetName": "research",
            "privateIPAllocationMethod": "dynamic",
            "isPrimary": "true",
            "enableIPForwarding": false,
            "domainNameLabelPrefix": "",
            "dnsServers": []
          }
        ],
        "imageReference": {
          "publisher": "MicrosoftVisualStudio",
          "offer": "VisualStudio",
          "sku": "VS-2017-Ent-Win10-N",
          "version": "latest"
        },
        "dataDisks": {
          "count": 1,
          "properties": {
            "diskSizeGB": 200,
            "caching": "None",
            "createOption": "Empty"
          }
        },
        "osDisk": {
          "caching": "ReadWrite"
        },
        "extensions": [
          {
            "name": "IaaSAntimalware",
            "publisher": "Microsoft.Azure.Security",
            "type": "IaaSAntimalware",
            "typeHandlerVersion": "1.3",
            "autoUpgradeMinorVersion": true,
            "settingsConfigMapperUri": "https://raw.githubusercontent.com/mspnp/template-building-blocks/v1.0.0/templates/resources/Microsoft.Compute/virtualMachines/extensions/vm-extension-passthrough-settings-mapper.json",
            "settingsConfig": {
              "AntimalwareEnabled": true,
              "RealtimeProtectionEnabled": "true",
              "ScheduledScanSettings": {
                "isEnabled": "false",
                "day": "7",
                "time": "120",
                "scanType": "Quick"
              },
              "Exclusions": {
                "Extensions": "",
                "Paths": "",
                "Processes": ""
              }
            },
            "protectedSettingsConfig": {}
          }
        ],
        "availabilitySet": {
          "useExistingAvailabilitySet": "No",
          "name": "research-as"
        }
      }
    },
    "virtualNetworkSettings": {
      "value": {
        "name": "ts-<<environment>>-<<location>>-vnet",
        "resourceGroup": "ts-network-<<environment>>-<<location>>-rg"
      }
    },
    "buildingBlockSettings": {
      "value": {
        "storageAccountsCount": 1,
        "vmCount": 2,
        "vmStartIndex": 4
      }
    }
  }
}

