﻿{
  "$schema": "http://schema.management.azure.com/schemas/2015-01-01/deploymentParameters.json#",
  "contentVersion": "1.0.0.0",
  "parameters": {
    "virtualNetworkSettings": {
      "value": {
        "name": "ts-<<environment>>-<<location>>-vnet",
        "resourceGroup": "ts-network-<<environment>>-<<location>>-rg"
      }
    },
    "virtualNetworkGatewaySettings": {
      "value": {
        "name": "ts-vpn-vgw",
        "gatewayType": "Vpn",
        "vpnType": "RouteBased",
        "sku": "Standard"
      }
    },
    "connectionSettings": {
      "value": {
        "name": "ts-vpn-cn",
        "connectionType": "IPsec",
        "sharedKey": "<<vpnpassword>>",
        "virtualNetworkGateway1": {
          "name": "ts-vpn-vgw"
        },
        "localNetworkGateway": {
          "name": "ts-vpn-lgw",
          "ipAddress": "40.50.60.70",
          "addressPrefixes": [ "192.168.0.0/16" ]
        }
      }
    }
  }
}

